Prénom,Nom,Adresse,Code Postal,Ville,Pays,Email
Jean,Dupont,12 Rue de la République,75001,Paris,France,jean.dupont@gmail.com
Marie,Durand,45 Avenue des Champs-Élysées,75008,Paris,France,marie.durand@yahoo.fr
John,Smith,123 Baker Street,NW1 6XE,London,United Kingdom,john.smith@hotmail.co.uk
Ana,García,78 Calle Gran Vía,28013,Madrid,Spain,ana.garcia@outlook.es
Li,Wang,456 Zhongshan Road,100000,Beijing,China,li.wang@qq.com
Lars,Hansen,89 Strandgade,1051,Copenhagen,Denmark,lars.hansen@icloud.com
Ahmed,Ben Salah,15 Rue des Palmiers,1002,Tunis,Tunisia,ahmed.bensalah@orange.tn
Fatou,Diop,12 Avenue Léopold Sédar Senghor,BP 12345,Dakar,Senegal,fatou.diop@gmail.com
